id,focus,signal,slack,drag,confidence,score,lane,kind,invariant
g001,schema drift,41,70,32,98,256,ship,baseline,monotonic-signal
g002,lineage depth,86,44,42,25,201,ship,edge,drag-penalty
g003,partition skew,112,33,27,49,285,ship,recovery,confidence-floor
g004,quality gap,85,65,42,52,268,ship,negative,lane-boundary
g005,schema drift,31,14,9,58,130,watch,baseline,monotonic-signal
g006,lineage depth,95,61,15,23,305,ship,edge,drag-penalty
g007,partition skew,43,52,20,53,203,ship,recovery,confidence-floor
g008,quality gap,64,50,45,29,167,watch,negative,lane-boundary
g009,schema drift,78,51,38,65,247,ship,baseline,monotonic-signal
g010,lineage depth,45,54,15,44,212,ship,edge,drag-penalty
g011,partition skew,32,23,26,38,96,hold,recovery,confidence-floor
g012,quality gap,73,45,12,83,295,ship,negative,lane-boundary
g013,schema drift,97,24,13,24,240,ship,baseline,monotonic-signal
g014,lineage depth,112,51,8,85,395,ship,edge,drag-penalty
g015,partition skew,35,32,28,77,155,watch,recovery,confidence-floor
g016,quality gap,88,25,19,34,222,ship,negative,lane-boundary
g017,schema drift,30,24,37,103,137,watch,baseline,monotonic-signal
g018,lineage depth,93,26,5,56,284,ship,edge,drag-penalty
g019,partition skew,84,29,33,80,240,ship,recovery,confidence-floor
g020,quality gap,83,33,6,97,317,ship,negative,lane-boundary
g021,schema drift,86,73,36,24,270,ship,baseline,monotonic-signal
g022,lineage depth,47,25,11,48,170,watch,edge,drag-penalty
g023,partition skew,75,39,42,51,195,ship,recovery,confidence-floor
g024,quality gap,92,48,17,57,303,ship,negative,lane-boundary
g025,schema drift,104,31,27,22,238,ship,baseline,monotonic-signal
g026,lineage depth,114,14,12,52,284,ship,edge,drag-penalty
g027,partition skew,34,8,27,28,58,hold,recovery,confidence-floor
g028,quality gap,42,43,36,64,162,watch,negative,lane-boundary
g029,schema drift,93,63,42,43,271,ship,baseline,monotonic-signal
g030,lineage depth,78,75,5,37,333,ship,edge,drag-penalty
g031,partition skew,30,49,30,82,180,ship,recovery,confidence-floor
g032,quality gap,82,38,23,23,217,ship,negative,lane-boundary
g033,schema drift,39,70,42,84,218,ship,baseline,monotonic-signal
g034,lineage depth,65,19,11,76,222,ship,edge,drag-penalty
g035,partition skew,38,66,39,33,163,watch,recovery,confidence-floor
g036,quality gap,72,57,40,102,280,ship,negative,lane-boundary
g037,schema drift,48,55,35,55,191,ship,baseline,monotonic-signal
g038,lineage depth,84,56,13,79,333,ship,edge,drag-penalty
g039,partition skew,105,59,4,96,416,ship,recovery,confidence-floor
g040,quality gap,31,28,22,23,97,hold,negative,lane-boundary
g041,schema drift,86,50,32,47,255,ship,baseline,monotonic-signal
g042,lineage depth,73,29,18,50,218,ship,edge,drag-penalty
g043,partition skew,114,56,33,56,330,ship,recovery,confidence-floor
g044,quality gap,50,37,21,21,153,watch,negative,lane-boundary
g045,schema drift,65,30,38,51,165,watch,baseline,monotonic-signal
g046,lineage depth,76,29,27,27,183,ship,edge,drag-penalty
g047,partition skew,41,31,44,63,119,hold,recovery,confidence-floor
g048,quality gap,71,34,12,42,228,ship,negative,lane-boundary
g049,schema drift,46,38,39,36,126,watch,baseline,monotonic-signal
g050,lineage depth,37,8,12,81,147,watch,edge,drag-penalty
g051,partition skew,36,30,21,22,112,hold,recovery,confidence-floor
g052,quality gap,39,44,27,83,195,ship,negative,lane-boundary
g053,schema drift,88,53,32,75,293,ship,baseline,monotonic-signal
g054,lineage depth,116,36,15,32,306,ship,edge,drag-penalty
g055,partition skew,45,19,8,101,213,ship,recovery,confidence-floor
g056,quality gap,57,13,27,54,140,watch,negative,lane-boundary
g057,schema drift,67,48,38,78,232,ship,baseline,monotonic-signal
g058,lineage depth,75,68,24,95,333,ship,edge,drag-penalty
g059,partition skew,83,10,25,22,158,watch,recovery,confidence-floor
g060,quality gap,46,54,20,46,206,ship,negative,lane-boundary
g061,schema drift,31,43,40,49,117,hold,baseline,monotonic-signal
g062,lineage depth,71,75,31,55,285,ship,edge,drag-penalty
g063,partition skew,35,24,7,20,124,watch,recovery,confidence-floor
g064,quality gap,80,71,17,50,318,ship,negative,lane-boundary
g065,schema drift,106,62,45,26,272,ship,baseline,monotonic-signal
g066,lineage depth,79,60,18,62,304,ship,edge,drag-penalty
g067,partition skew,113,61,6,41,377,ship,recovery,confidence-floor
g068,quality gap,89,64,23,35,295,ship,negative,lane-boundary
g069,schema drift,37,33,12,80,196,ship,baseline,monotonic-signal
g070,lineage depth,58,55,29,21,189,ship,edge,drag-penalty
g071,partition skew,72,34,39,82,216,ship,recovery,confidence-floor
g072,quality gap,39,61,24,74,226,ship,negative,lane-boundary
g073,schema drift,114,42,39,31,265,ship,baseline,monotonic-signal
g074,lineage depth,67,35,6,100,292,ship,edge,drag-penalty
g075,partition skew,91,34,12,53,279,ship,recovery,confidence-floor
g076,quality gap,106,36,17,77,327,ship,negative,lane-boundary
g077,schema drift,117,39,42,94,322,ship,baseline,monotonic-signal
g078,lineage depth,82,43,35,21,201,ship,edge,drag-penalty
g079,partition skew,112,13,12,45,271,ship,recovery,confidence-floor
g080,quality gap,87,35,23,48,246,ship,negative,lane-boundary
g081,schema drift,78,49,9,54,290,ship,baseline,monotonic-signal
g082,lineage depth,77,58,10,105,355,ship,edge,drag-penalty
g083,partition skew,80,41,5,49,281,ship,recovery,confidence-floor
g084,quality gap,41,24,25,25,105,hold,negative,lane-boundary
g085,schema drift,69,18,16,61,203,ship,baseline,monotonic-signal
g086,lineage depth,86,53,34,40,250,ship,edge,drag-penalty
g087,partition skew,98,73,44,34,288,ship,recovery,confidence-floor
g088,quality gap,108,15,30,79,265,ship,negative,lane-boundary
g089,schema drift,116,59,45,20,280,ship,baseline,monotonic-signal
g090,lineage depth,36,48,33,81,183,ship,edge,drag-penalty
g091,partition skew,87,10,8,73,251,ship,recovery,confidence-floor
g092,quality gap,72,29,39,30,154,watch,negative,lane-boundary
g093,schema drift,112,76,14,99,447,ship,baseline,monotonic-signal
g094,lineage depth,76,67,24,52,290,ship,edge,drag-penalty
g095,partition skew,33,65,9,76,254,ship,recovery,confidence-floor
g096,quality gap,59,66,24,93,295,ship,negative,lane-boundary
